Argentina,?mboxOverride.browserIp=140.191.0.0
Australia,?mboxOverride.browserIp=203.0.16.0
Austria,?mboxOverride.browserIp=46.17.224.0
Belgium,?mboxOverride.browserIp=46.18.32.0
Brazil,?mboxOverride.browserIp=139.82.0.0
Bulgaria,?mboxOverride.browserIp=46.10.0.0
Canada,?mboxOverride.browserIp=24.36.0.0
Chile,?mboxOverride.browserIp=152.74.0.0
China,?mboxOverride.browserIp=1.0.1.0
Columbia,?mboxOverride.browserIp=168.176.0.0
Cyprus,?mboxOverride.browserIp=62.228.0.0
Czech Republic,?mboxOverride.browserIp=62.80.84.0
Denmark,?mboxOverride.browserIp=46.19.248.0
Estonia,?mboxOverride.browserIp=46.16.112.0
Finland,?mboxOverride.browserIp=46.17.192.0
France,?mboxOverride.browserIp=46.18.120.0
Germany,?mboxOverride.browserIp=46.16.72.0
Greece,?mboxOverride.browserIp=46.12.0.0
Guam,?mboxOverride.browserIp=121.55.192.0
Guernsey,?mboxOverride.browserIp=46.235.128.0
Hong Kong,?mboxOverride.browserIp=14.102.240.0
Hungary,?mboxOverride.browserIp=46.29.136.0
India,?mboxOverride.browserIp=14.102.160.0
Indonesia,?mboxOverride.browserIp=14.102.152.0
Ireland,?mboxOverride.browserIp=46.17.32.0
Isle of Man,?mboxOverride.browserIp=213.133.128.0
Israel,?mboxOverride.browserIp=2.52.0.0
Italy,?mboxOverride.browserIp=46.16.168.0
Japan,?mboxOverride.browserIp=14.102.132.0
Jersey,?mboxOverride.browserIp=82.112.128.0
"Korea, Democratic",?mboxOverride.browserIp=175.45.176.0
"Korea, Republic",?mboxOverride.browserIp=14.128.128.0
Latvia,?mboxOverride.browserIp=62.85.32.0
Lithuania,?mboxOverride.browserIp=46.255.208.0
Luxembourg,?mboxOverride.browserIp=62.182.176.0
Madagascar,?mboxOverride.browserIp=41.204.96.0
Malaysia,?mboxOverride.browserIp=58.27.0.0
Malta,?mboxOverride.browserIp=77.243.64.0
Mexico,?mboxOverride.browserIp=131.178.0.0
Netherlands,?mboxOverride.browserIp=24.132.128.0
New Zealand,?mboxOverride.browserIp=27.96.64.0
Norway,?mboxOverride.browserIp=46.16.48.0
Paraguay,?mboxOverride.browserIp=190.2.192.0
Peru,?mboxOverride.browserIp=190.8.128.0
Philippines,?mboxOverride.browserIp=61.9.0.0
Poland,?mboxOverride.browserIp=62.61.32.0
Portugal,?mboxOverride.browserIp=46.182.32.0
Puerto Rico,?mboxOverride.browserIp=24.48.192.0
Romania,?mboxOverride.browserIp=46.20.128.0
Russia,?mboxOverride.browserIp=46.16.24.0
Singapore,?mboxOverride.browserIp=27.34.176.0
Slovakia,?mboxOverride.browserIp=46.229.224.0
Slovenia,?mboxOverride.browserIp=46.54.128.0
South Africa,?mboxOverride.browserIp=41.57.128.0
South Korea,?mboxOverride.browserIp=58.72.0.0
Spain,?mboxOverride.browserIp=46.16.56.0
Sweden,?mboxOverride.browserIp=46.22.112.0
Switzerland,?mboxOverride.browserIp=46.16.152.0
Thailand,?mboxOverride.browserIp=58.97.0.0
Turkey,?mboxOverride.browserIp=62.108.64.0
United Arab Emirates,?mboxOverride.browserIp=85.115.64.0
United Kingdom,?mboxOverride.browserIp=2.120.0.0
United States,?mboxOverride.browserIp=24.31.128.0
Venezuela,?mboxOverride.browserIp=129.90.0.0
